{
    "plddts": {
        "model_1_pred_0": 45.02334058491597,
        "model_2_pred_0": 47.52912424495171,
        "model_3_pred_0": 50.41744704090498,
        "model_4_pred_0": 62.33897690375343,
        "model_5_pred_0": 56.365297343908985
    },
    "order": [
        "model_4_pred_0",
        "model_5_pred_0",
        "model_3_pred_0",
        "model_2_pred_0",
        "model_1_pred_0"
    ]
}