{
    "plddts": {
        "model_1_pred_0": 95.52614078434576,
        "model_2_pred_0": 96.25404522313876,
        "model_3_pred_0": 96.97757053641008,
        "model_4_pred_0": 96.89843451766211,
        "model_5_pred_0": 96.52264045793648
    },
    "order": [
        "model_3_pred_0",
        "model_4_pred_0",
        "model_5_pred_0",
        "model_2_pred_0",
        "model_1_pred_0"
    ]
}