{
    "plddts": {
        "model_1_pred_0": 88.91009626528962,
        "model_2_pred_0": 90.00795696051017,
        "model_3_pred_0": 86.78037852606558,
        "model_4_pred_0": 85.5247018408271,
        "model_5_pred_0": 72.59757219688149
    },
    "order": [
        "model_2_pred_0",
        "model_1_pred_0",
        "model_3_pred_0",
        "model_4_pred_0",
        "model_5_pred_0"
    ]
}