{
    "plddts": {
        "model_1_pred_0": 77.22383428877012,
        "model_2_pred_0": 82.04000863918931,
        "model_3_pred_0": 83.9387702993772,
        "model_4_pred_0": 79.37203984595948,
        "model_5_pred_0": 76.08689952444452
    },
    "order": [
        "model_3_pred_0",
        "model_2_pred_0",
        "model_4_pred_0",
        "model_1_pred_0",
        "model_5_pred_0"
    ]
}