{
    "plddts": {
        "model_1_pred_0": 92.97284699712704,
        "model_2_pred_0": 94.34115532423516,
        "model_3_pred_0": 83.37587748745536,
        "model_4_pred_0": 90.89011960269063,
        "model_5_pred_0": 91.29379263045848
    },
    "order": [
        "model_2_pred_0",
        "model_1_pred_0",
        "model_5_pred_0",
        "model_4_pred_0",
        "model_3_pred_0"
    ]
}