{
    "plddts": {
        "model_1_pred_0": 91.9029656893581,
        "model_2_pred_0": 91.09721650094941,
        "model_3_pred_0": 91.48035182043031,
        "model_4_pred_0": 92.48966538813086,
        "model_5_pred_0": 92.24760235750311
    },
    "order": [
        "model_4_pred_0",
        "model_5_pred_0",
        "model_1_pred_0",
        "model_3_pred_0",
        "model_2_pred_0"
    ]
}