{
    "plddts": {
        "model_1_pred_0": 86.82961141147175,
        "model_2_pred_0": 84.15276538942115,
        "model_3_pred_0": 91.16673228005428,
        "model_4_pred_0": 91.25414777629571,
        "model_5_pred_0": 85.87190619925589
    },
    "order": [
        "model_4_pred_0",
        "model_3_pred_0",
        "model_1_pred_0",
        "model_5_pred_0",
        "model_2_pred_0"
    ]
}