{
    "plddts": {
        "model_1_pred_0": 93.52301564555304,
        "model_2_pred_0": 93.29570463525484,
        "model_3_pred_0": 93.14066092724708,
        "model_4_pred_0": 93.73452155602828,
        "model_5_pred_0": 92.29123021095543
    },
    "order": [
        "model_4_pred_0",
        "model_1_pred_0",
        "model_2_pred_0",
        "model_3_pred_0",
        "model_5_pred_0"
    ]
}