{
    "features": 17000.6033475399,
    "process_features_model_1_pred_0": 7.305308103561401,
    "predict_and_compile_model_1_pred_0": 357.8320429325104,
    "relax_model_1_pred_0": 49.095056772232056,
    "process_features_model_2_pred_0": 4.663740873336792,
    "predict_and_compile_model_2_pred_0": 332.0274302959442,
    "relax_model_2_pred_0": 35.09890294075012,
    "process_features_model_3_pred_0": 3.507469654083252,
    "predict_and_compile_model_3_pred_0": 302.81205463409424,
    "relax_model_3_pred_0": 33.1554000377655,
    "process_features_model_4_pred_0": 3.6146833896636963,
    "predict_and_compile_model_4_pred_0": 302.7245626449585,
    "relax_model_4_pred_0": 34.3299720287323,
    "process_features_model_5_pred_0": 3.4757885932922363,
    "predict_and_compile_model_5_pred_0": 281.0883297920227,
    "relax_model_5_pred_0": 34.13916826248169
}