{
    "plddts": {
        "model_1_pred_0": 90.56150608675216,
        "model_2_pred_0": 90.55900861458852,
        "model_3_pred_0": 90.6376042905415,
        "model_4_pred_0": 91.18838956995515,
        "model_5_pred_0": 90.4280028608507
    },
    "order": [
        "model_4_pred_0",
        "model_3_pred_0",
        "model_1_pred_0",
        "model_2_pred_0",
        "model_5_pred_0"
    ]
}