{
    "plddts": {
        "model_1_pred_0": 76.58602251212787,
        "model_2_pred_0": 74.82010103923872,
        "model_3_pred_0": 76.07659535012984,
        "model_4_pred_0": 74.3775602585322,
        "model_5_pred_0": 74.25591900269552
    },
    "order": [
        "model_1_pred_0",
        "model_3_pred_0",
        "model_2_pred_0",
        "model_4_pred_0",
        "model_5_pred_0"
    ]
}