{
    "features": 9334.57644534111,
    "process_features_model_1_pred_0": 4.46419620513916,
    "predict_and_compile_model_1_pred_0": 142.8644986152649,
    "relax_model_1_pred_0": 26.68384337425232,
    "process_features_model_2_pred_0": 1.7435534000396729,
    "predict_and_compile_model_2_pred_0": 134.50028467178345,
    "relax_model_2_pred_0": 10.976088285446167,
    "process_features_model_3_pred_0": 1.3413214683532715,
    "predict_and_compile_model_3_pred_0": 91.8447675704956,
    "relax_model_3_pred_0": 9.989500045776367,
    "process_features_model_4_pred_0": 1.3949129581451416,
    "predict_and_compile_model_4_pred_0": 92.14905428886414,
    "relax_model_4_pred_0": 11.354187726974487,
    "process_features_model_5_pred_0": 1.4077832698822021,
    "predict_and_compile_model_5_pred_0": 90.03053855895996,
    "relax_model_5_pred_0": 11.54820203781128
}