{
    "plddts": {
        "model_1_pred_0": 89.29658389235769,
        "model_2_pred_0": 88.87346170496961,
        "model_3_pred_0": 89.32906397321537,
        "model_4_pred_0": 88.97483343044904,
        "model_5_pred_0": 86.7005534324027
    },
    "order": [
        "model_3_pred_0",
        "model_1_pred_0",
        "model_4_pred_0",
        "model_2_pred_0",
        "model_5_pred_0"
    ]
}