{
    "plddts": {
        "model_1_pred_0": 86.82464363612955,
        "model_2_pred_0": 88.42314477098152,
        "model_3_pred_0": 83.5789563768028,
        "model_4_pred_0": 82.20671294632588,
        "model_5_pred_0": 73.39873296298376
    },
    "order": [
        "model_2_pred_0",
        "model_1_pred_0",
        "model_3_pred_0",
        "model_4_pred_0",
        "model_5_pred_0"
    ]
}